{
  "model": "GECToR (CodeBERT)",
  "model_key": "gector",
  "dataset": "quicktest",
  "timestamp": "2026-06-19T18:29:43",
  "git_commit": "8cbe09c",
  "elapsed_wall_seconds": 6.488743860998511,
  "metrics": {
    "total_samples": 207,
    "exact_match_rate": 0.6666666666666666,
    "identifier_precision": 0.8840579710144928,
    "identifier_recall": 1.0,
    "identifier_f1": 0.9384615384615386,
    "avg_normalized_edit_distance": 0.006545125301701051,
    "clean_samples_total": 293,
    "clean_false_positive_count": 5,
    "clean_false_positive_rate": 0.006648936170212766,
    "total_time_seconds": 6.486322712000401,
    "avg_time_per_sample_seconds": 0.03133489232850435,
    "avg_time_per_kb_seconds": 0.1674945015026708
  }
}